yy,mm,dd,heat_supply_day1,heat_supply_day2
2022,3,4,307.45758,283.35455
2022,3,5,372.32144,330.92252
2022,3,6,402.68915,360.67017
2022,3,7,410.3203,387.75912
2022,3,8,353.24957,382.49652
2022,3,9,345.06857,357.6985
2022,3,10,343.239,310.41553
2022,3,11,351.41003,276.40927
2022,3,12,364.7178,325.45618
2022,3,13,399.3225,420.24884
2022,3,18,406.91467,459.85284
2022,3,19,339.17642,372.42477
2022,3,20,357.02344,321.03677
