yy,mm,dd,heat_supply_day1,heat_supply_day2
2022,3,4,393.21625,363.161
2022,3,5,396.48328,364.9076
2022,3,6,396.80063,367.74054
2022,3,7,396.48987,369.36673
2022,3,8,391.74313,368.82977
2022,3,9,384.1247,371.0959
2022,3,10,384.69672,372.65952
2022,3,11,385.99225,371.88467
2022,3,12,383.54153,366.71497
2022,3,13,374.85602,357.693
2022,3,18,378.6079,346.88422
2022,3,19,384.36505,347.41876
2022,3,20,384.8473,348.35333
