yy,mm,dd,heat_supply_day1,heat_supply_day2
2022,3,4,721.1661,700.6162
2022,3,5,418.57678,384.00793
2022,3,6,423.51077,413.7337
2022,3,7,477.27325,421.66913
2022,3,8,678.532,639.1864
2022,3,9,457.9003,428.46313
2022,3,10,436.12,391.42493
2022,3,11,390.06155,429.25586
2022,3,12,403.00653,417.1855
2022,3,13,310.47705,360.38843
2022,3,18,572.3098,630.5413
2022,3,19,549.1248,573.74805
2022,3,20,489.30667,587.53864
