yy,mm,dd,heat_supply_day1,heat_supply_day2
2022,3,4,389.67636,370.68652
2022,3,5,391.7636,377.60724
2022,3,6,390.1522,375.75824
2022,3,7,391.91077,377.10287
2022,3,8,392.84024,371.58438
2022,3,9,392.34677,367.81482
2022,3,10,403.1381,372.85596
2022,3,11,408.4579,374.74063
2022,3,12,400.8037,370.351
2022,3,13,386.40768,359.9588
2022,3,18,374.33527,356.52728
2022,3,19,374.06668,356.22656
2022,3,20,371.42462,355.30838
