yy,mm,dd,heat_supply_day1,heat_supply_day2
2022,3,4,297.33734,289.2127
2022,3,5,310.43747,289.05035
2022,3,6,308.44464,297.86633
2022,3,7,274.7345,289.45026
2022,3,8,302.04822,288.00412
2022,3,9,304.17957,296.70428
2022,3,10,311.53754,287.67587
2022,3,11,311.50336,286.65152
2022,3,12,311.52267,311.61536
2022,3,13,311.51953,300.2763
2022,3,18,288.47888,296.4224
2022,3,19,311.5312,326.03546
2022,3,20,311.5393,319.3068
