yy,mm,dd,heat_supply_day1,heat_supply_day2
2022,3,4,361.1093,326.59006
2022,3,5,364.12585,354.74
2022,3,6,364.23383,352.80676
2022,3,7,383.00568,365.83606
2022,3,8,373.86273,333.4577
2022,3,9,372.11963,358.9278
2022,3,10,365.76437,358.988
2022,3,11,363.28418,350.504
2022,3,12,365.08502,350.05893
2022,3,13,371.8977,347.73572
2022,3,18,363.25012,341.59805
2022,3,19,364.72385,359.73242
2022,3,20,361.5951,356.84253
