yy,mm,dd,heat_supply_day1,heat_supply_day2
2022,3,4,404.81775,384.5556
2022,3,5,399.0129,401.99753
2022,3,6,459.14877,418.36493
2022,3,7,654.5867,671.9938
2022,3,8,461.44592,453.95874
2022,3,9,388.95142,399.49878
2022,3,10,381.9596,473.13885
2022,3,11,391.48804,411.6058
2022,3,12,310.57327,399.0198
2022,3,13,338.9284,309.8487
2022,3,18,492.48474,476.29736
2022,3,19,421.92792,597.2483
2022,3,20,379.30334,434.72583
