yy,mm,dd,heat_supply_day1,heat_supply_day2
2022,3,4,315.19055,311.91394
2022,3,5,357.27118,306.01837
2022,3,6,354.68265,308.11176
2022,3,7,353.58383,303.4817
2022,3,8,324.19244,322.21613
2022,3,9,350.2688,325.49023
2022,3,10,345.568,320.82166
2022,3,11,352.26294,290.20554
2022,3,12,361.65814,331.82144
2022,3,13,356.69315,305.15845
2022,3,18,313.93768,306.74155
2022,3,19,353.79303,312.66412
2022,3,20,354.9485,317.3385
