yy,mm,dd,heat_supply_day1,heat_supply_day2
2022,3,4,351.34943,314.5821
2022,3,5,359.69366,339.583
2022,3,6,355.47897,332.22388
2022,3,7,348.62704,340.0404
2022,3,8,376.91248,333.28235
2022,3,9,381.3863,329.13437
2022,3,10,374.8865,336.4896
2022,3,11,365.55493,345.15192
2022,3,12,376.82306,359.52557
2022,3,13,400.29462,353.9034
2022,3,18,382.04996,337.11115
2022,3,19,383.67148,364.6672
2022,3,20,377.3448,361.58105
