,loss,mse
0,318.3680419921875,318.3680419921875
1,318.3194885253906,318.3194885253906
2,318.3138732910156,318.3138732910156
3,318.3210144042969,318.3210144042969
4,318.3179626464844,318.3179626464844
5,318.3168029785156,318.3168029785156
6,318.32110595703125,318.32110595703125
7,318.315185546875,318.315185546875
8,318.31817626953125,318.31817626953125
9,318.3175964355469,318.3175964355469
