,loss,mse
0,318.40118408203125,318.40118408203125
1,318.3991394042969,318.3991394042969
2,318.3981018066406,318.3981018066406
3,318.3992919921875,318.3992919921875
4,318.39794921875,318.39794921875
5,318.39788818359375,318.39788818359375
6,318.4032897949219,318.4032897949219
7,318.3986511230469,318.3986511230469
8,318.4012145996094,318.4012145996094
9,318.3985900878906,318.3985900878906
