,loss,mse
0,143.53622436523438,143.53622436523438
1,87.42920684814453,87.42920684814453
2,4.096193313598633,4.096193313598633
3,4.015857696533203,4.015857696533203
4,4.0122551918029785,4.0122551918029785
5,3.9562060832977295,3.9562060832977295
6,3.914618492126465,3.914618492126465
7,3.8800113201141357,3.8800113201141357
8,3.8384194374084473,3.8384194374084473
9,3.819944143295288,3.819944143295288
