,loss,mse
0,22.904186248779297,22.904186248779297
1,3.9879705905914307,3.9879705905914307
2,3.8881959915161133,3.8881959915161133
3,3.823082208633423,3.823082208633423
4,3.7855751514434814,3.7855751514434814
5,3.7631099224090576,3.7631099224090576
6,3.7472870349884033,3.7472870349884033
7,3.7338221073150635,3.7338221073150635
8,3.7139134407043457,3.7139134407043457
9,3.69797420501709,3.69797420501709
