,loss,mse
0,28.12519073486328,28.12519073486328
1,4.002938270568848,4.002938270568848
2,3.916137218475342,3.916137218475342
3,3.8869285583496094,3.8869285583496094
4,3.83123779296875,3.83123779296875
5,3.8085789680480957,3.8085789680480957
6,3.7831132411956787,3.7831132411956787
7,3.771021604537964,3.771021604537964
8,3.7622199058532715,3.7622199058532715
9,3.7574050426483154,3.7574050426483154
